<?xml version="1.0" encoding="UTF-8"?>
<project-private xmlns="http://www.netbeans.org/ns/project-private/1">
    <editor-bookmarks xmlns="http://www.netbeans.org/ns/editor-bookmarks/2" lastBookmarkId="0"/>
    <open-files xmlns="http://www.netbeans.org/ns/projectui-open-files/2">
        <group>
            <file>file:/C:/Users/jhord/OneDrive/Documents/NetBeansProjects/Huera-Ev1/src/huera/ev1/OrdenarShell.java</file>
            <file>file:/C:/Users/jhord/OneDrive/Documents/NetBeansProjects/Huera-Ev1/src/huera/ev1/GenerarMatriz.java</file>
            <file>file:/C:/Users/jhord/OneDrive/Documents/NetBeansProjects/Huera-Ev1/src/huera/ev1/Matriz.java</file>
            <file>file:/C:/Users/jhord/OneDrive/Documents/NetBeansProjects/Huera-Ev1/src/huera/ev1/HueraEv1.java</file>
        </group>
    </open-files>
</project-private>
