<?xml version="1.0" encoding="UTF-8"?>
<project-private xmlns="http://www.netbeans.org/ns/project-private/1">
    <editor-bookmarks xmlns="http://www.netbeans.org/ns/editor-bookmarks/2" lastBookmarkId="0"/>
    <open-files xmlns="http://www.netbeans.org/ns/projectui-open-files/2">
        <group>
            <file>file:/C:/Users/jhord/Documents/Universidad/Sexto%20Semestre/repo-6to/ANAALG/Huera-Eva2/src/Inicial/main.java</file>
            <file>file:/C:/Users/jhord/Documents/Universidad/Sexto%20Semestre/repo-6to/ANAALG/Huera-Eva2/src/Inicial/Ordenamiento.java</file>
        </group>
    </open-files>
</project-private>
